{
	"6584": [
		{
			"x": 243.87044,
			"y": 318.75476,
			"location": "sideline, freethrow"
		}, {
			"x": 634.22125,
			"y": 277.72726,
			"location": "sideline, baseline"
		}, {
			"x": 453.40762,
			"y": 535.73682,
			"location": "closepaint, freethrow"
		}, {
			"x": 939.59656,
			"y": 476.04034,
			"location": "closepaint, baseline"
		}
	]
}